1,Jonathan,George,jgeorge0@technorati.com,Teal
2,Jessica,Hall,jhall1@plala.or.jp,Orange
3,James,Perry,jperry2@adobe.com,Khaki
4,Evelyn,Fernandez,efernandez3@tripod.com,Fuscia
5,Joe,Montgomery,jmontgomery4@infoseek.co.jp,Red
6,Phillip,Porter,pporter5@vistaprint.com,Khaki
7,Donald,Jacobs,djacobs6@github.com,Pink
8,Chris,Owens,cowens7@craigslist.org,Blue
9,Robert,Evans,revans8@ow.ly,Orange
10,Jane,Schmidt,jschmidt9@geocities.com,Red
